주 시작일(월),주 종료일(일),페이지그룹,활성사용자,조회수,조회수비중(%),활성사용자당조회수,"평균참여시간(초, 근사)",이탈률(%),전주 대비 인사이트
2026. 7. 6,2026. 7. 12,메인,6628,190793,17,28.79,8.5,13.98,이전 기간 데이터 없음
2026. 7. 6,2026. 7. 12,라이브세미나 편성표,5224,258065,23,49.4,19.3,13.91,이전 기간 데이터 없음
2026. 7. 6,2026. 7. 12,라이브세미나 상세,5312,357847,31.89,67.37,6.3,11.31,이전 기간 데이터 없음
2026. 7. 6,2026. 7. 12,VOD 다시보기 메인,2205,25509,2.27,11.57,3,25.85,이전 기간 데이터 없음
2026. 7. 6,2026. 7. 12,VOD 다시보기 상세,2153,39753,3.54,18.46,3.4,26.89,이전 기간 데이터 없음
2026. 7. 6,2026. 7. 12,아카데미 메인,135,225,0.02,1.67,7,2.06,이전 기간 데이터 없음
2026. 7. 6,2026. 7. 12,아카데미-개원(opening),9,38,0,4.22,12.5,0,이전 기간 데이터 없음
2026. 7. 6,2026. 7. 12,아카데미-초음파(ultsound),9,15,0,1.67,17.2,11.11,이전 기간 데이터 없음
2026. 7. 6,2026. 7. 12,아카데미-법정의무교육(mst),15,29,0,1.93,5.6,0,이전 기간 데이터 없음
2026. 7. 6,2026. 7. 12,아카데미-에스테틱(plasur),7,31,0,4.43,42.1,10,이전 기간 데이터 없음
2026. 7. 6,2026. 7. 12,아카데미-심부전(kshf),4,6,0,1.5,12.7,0,이전 기간 데이터 없음
2026. 7. 6,2026. 7. 12,아카데미-임상고혈압(clinicHp),4,6,0,1.5,10.5,0,이전 기간 데이터 없음
2026. 7. 6,2026. 7. 12,드럭인포 메인,644,3003,0.27,4.66,2.7,22.54,이전 기간 데이터 없음
2026. 7. 6,2026. 7. 12,브랜드존 메인,1430,7516,0.67,5.26,2.2,13.77,이전 기간 데이터 없음
2026. 7. 6,2026. 7. 12,브랜드존 상세(퀴즈 포함),4977,26545,2.37,5.33,19.6,11.74,이전 기간 데이터 없음
2026. 7. 6,2026. 7. 12,알림,1818,13421,1.2,7.38,5.9,8.89,이전 기간 데이터 없음
2026. 7. 6,2026. 7. 12,마이페이지홈,1016,3398,0.3,3.34,7.6,12.06,이전 기간 데이터 없음
2026. 7. 6,2026. 7. 12,포인트 이용내역,3760,28045,2.5,7.46,9.4,11.48,이전 기간 데이터 없음
2026. 7. 6,2026. 7. 12,포인트 적립안내,341,1968,0.18,5.77,4.2,6.7,이전 기간 데이터 없음
2026. 7. 6,2026. 7. 12,1:1문의,74,171,0.02,2.31,25,5.93,이전 기간 데이터 없음
2026. 7. 6,2026. 7. 12,공지사항,58,117,0.01,2.02,4.6,26.09,이전 기간 데이터 없음
2026. 7. 6,2026. 7. 12,출석,5461,55472,4.94,10.16,2.5,10.46,이전 기간 데이터 없음
2026. 7. 6,2026. 7. 12,학회일정,41,54,0,1.32,46.9,4.92,이전 기간 데이터 없음
2026. 7. 6,2026. 7. 12,해외학회스케치 메인,34,130,0.01,3.82,31.6,12.5,이전 기간 데이터 없음
2026. 7. 6,2026. 7. 12,해외학회스케치 상세,100,238,0.02,2.38,35.5,15.33,이전 기간 데이터 없음
2026. 7. 6,2026. 7. 12,심사청구 메인,14,55,0,3.93,5.1,18.18,이전 기간 데이터 없음
2026. 7. 6,2026. 7. 12,심사청구 상세,7,20,0,2.86,32.8,23.08,이전 기간 데이터 없음
2026. 7. 6,2026. 7. 12,이벤트 메인,1100,3944,0.35,3.59,2.6,4.66,이전 기간 데이터 없음
2026. 7. 6,2026. 7. 12,설문 메인,356,1230,0.11,3.46,7.2,6.27,이전 기간 데이터 없음
2026. 7. 6,2026. 7. 12,CME매거진,7,19,0,2.71,7.3,16.67,이전 기간 데이터 없음
2026. 7. 6,2026. 7. 12,포인트샵 메인,1744,4488,0.4,2.57,10.4,12.49,이전 기간 데이터 없음
2026. 7. 6,2026. 7. 12,업투데이트,34,91,0.01,2.68,3.7,5.38,이전 기간 데이터 없음
2026. 7. 13,2026. 7. 19,메인,6446,158270,17.01,24.55,7.2,12.42,⚠ 조회수 -17% / ▲ 이탈률 -11.2%
2026. 7. 13,2026. 7. 19,라이브세미나 편성표,5157,213650,22.96,41.43,17.5,12.73,⚠ 조회수 -17.2% / ▲ 이탈률 -8.5%
2026. 7. 13,2026. 7. 19,라이브세미나 상세,5190,278126,29.89,53.59,5.2,12.9,⚠ 조회수 -22.3%
2026. 7. 13,2026. 7. 19,VOD 다시보기 메인,1925,21887,2.35,11.37,3.6,23.65,⚠ 조회수 -14.2% / ▲ 평균참여시간 +20%
2026. 7. 13,2026. 7. 19,VOD 다시보기 상세,1834,33558,3.61,18.3,3.1,25.37,⚠ 조회수 -15.6% / ▲ 이탈률 -5.7%
2026. 7. 13,2026. 7. 19,아카데미 메인,113,253,0.03,2.24,18.1,6.1,⚠ 이탈률 +196.1% / ▲ 평균참여시간 +158.6%
2026. 7. 13,2026. 7. 19,아카데미-개원(opening),6,32,0,5.33,15.5,15.38,⚠ 활성사용자 -33.3% / ▲ 평균참여시간 +24%
2026. 7. 13,2026. 7. 19,아카데미-초음파(ultsound),5,77,0.01,15.4,8.3,8.33,⚠ 평균참여시간 -51.7% / ▲ 조회수 +413.3%
2026. 7. 13,2026. 7. 19,아카데미-법정의무교육(mst),15,34,0,2.27,9.4,5,▲ 평균참여시간 +67.9%
2026. 7. 13,2026. 7. 19,아카데미-에스테틱(plasur),3,14,0,4.67,3.4,0,⚠ 평균참여시간 -91.9% / ▲ 이탈률 -100%
2026. 7. 13,2026. 7. 19,아카데미-심부전(kshf),3,6,0,2,15.2,0,⚠ 활성사용자 -25% / ▲ 평균참여시간 +19.7%
2026. 7. 13,2026. 7. 19,아카데미-임상고혈압(clinicHp),4,8,0,2,12.3,0,▲ 조회수 +33.3%
2026. 7. 13,2026. 7. 19,드럭인포 메인,595,2572,0.28,4.32,2.4,20.39,⚠ 조회수 -14.4% / ▲ 이탈률 -9.5%
2026. 7. 13,2026. 7. 19,브랜드존 메인,1421,7249,0.78,5.1,2.7,11.11,▲ 평균참여시간 +22.7%
2026. 7. 13,2026. 7. 19,브랜드존 상세(퀴즈 포함),4844,25412,2.73,5.25,26.2,11.28,▲ 평균참여시간 +33.7%
2026. 7. 13,2026. 7. 19,알림,1701,11873,1.28,6.98,9.3,8.25,⚠ 조회수 -11.5% / ▲ 평균참여시간 +57.6%
2026. 7. 13,2026. 7. 19,마이페이지홈,754,2464,0.26,3.27,9.3,10.36,⚠ 조회수 -27.5% / ▲ 평균참여시간 +22.4%
2026. 7. 13,2026. 7. 19,포인트 이용내역,3563,22404,2.41,6.29,8.3,10.48,⚠ 조회수 -20.1% / ▲ 이탈률 -8.7%
2026. 7. 13,2026. 7. 19,포인트 적립안내,327,1709,0.18,5.23,2.6,6.93,⚠ 평균참여시간 -38.1%
2026. 7. 13,2026. 7. 19,1:1문의,53,127,0.01,2.4,25.7,2.27,⚠ 활성사용자 -28.4% / ▲ 이탈률 -61.7%
2026. 7. 13,2026. 7. 19,공지사항,110,170,0.02,1.55,7.1,14.84,▲ 활성사용자 +89.7%
2026. 7. 13,2026. 7. 19,출석,5278,51848,5.57,9.82,16.9,9.55,⚠ 조회수 -6.5% / ▲ 평균참여시간 +576%
2026. 7. 13,2026. 7. 19,학회일정,21,29,0,1.38,14.7,11.76,⚠ 이탈률 +139%
2026. 7. 13,2026. 7. 19,해외학회스케치 메인,26,141,0.02,5.42,20.5,8.77,⚠ 평균참여시간 -35.1% / ▲ 이탈률 -29.8%
2026. 7. 13,2026. 7. 19,해외학회스케치 상세,67,225,0.02,3.36,15.2,13.86,⚠ 평균참여시간 -57.2% / ▲ 이탈률 -9.6%
2026. 7. 13,2026. 7. 19,심사청구 메인,16,38,0,2.38,16.7,10,⚠ 조회수 -30.9% / ▲ 평균참여시간 +227.5%
2026. 7. 13,2026. 7. 19,심사청구 상세,7,20,0,2.86,24.6,20,⚠ 평균참여시간 -25% / ▲ 이탈률 -13.3%
2026. 7. 13,2026. 7. 19,이벤트 메인,1012,3561,0.38,3.52,2.1,4.09,⚠ 평균참여시간 -19.2% / ▲ 이탈률 -12.2%
2026. 7. 13,2026. 7. 19,설문 메인,324,1118,0.12,3.45,7.4,4.89,⚠ 조회수 -9.1% / ▲ 이탈률 -22%
2026. 7. 13,2026. 7. 19,CME매거진,11,20,0,1.82,6,8.33,⚠ 평균참여시간 -17.8% / ▲ 활성사용자 +57.1%
2026. 7. 13,2026. 7. 19,포인트샵 메인,2000,4385,0.47,2.19,12.3,10.99,▲ 평균참여시간 +18.3%
2026. 7. 13,2026. 7. 19,업투데이트,26,60,0.01,2.31,6.2,11.94,⚠ 이탈률 +121.9% / ▲ 평균참여시간 +67.6%
2026. 7. 20,2026. 7. 26,메인,6805,197600,16.9,29.04,8.3,12.38,▲ 조회수 +24.8%
2026. 7. 20,2026. 7. 26,라이브세미나 편성표,5297,255496,21.85,48.23,18.4,12.6,▲ 조회수 +19.6%
2026. 7. 20,2026. 7. 26,라이브세미나 상세,5376,374960,32.07,69.75,4.5,12.43,⚠ 평균참여시간 -13.5% / ▲ 조회수 +34.8%
2026. 7. 20,2026. 7. 26,VOD 다시보기 메인,2167,24077,2.06,11.11,3.3,22.32,⚠ 평균참여시간 -8.3% / ▲ 활성사용자 +12.6%
2026. 7. 20,2026. 7. 26,VOD 다시보기 상세,2108,36473,3.12,17.3,5.3,24.89,▲ 평균참여시간 +71%
2026. 7. 20,2026. 7. 26,아카데미 메인,118,210,0.02,1.78,6.1,3.41,⚠ 평균참여시간 -66.3% / ▲ 이탈률 -44.1%
2026. 7. 20,2026. 7. 26,아카데미-개원(opening),10,40,0,4,13.1,16.67,⚠ 평균참여시간 -15.5% / ▲ 활성사용자 +66.7%
2026. 7. 20,2026. 7. 26,아카데미-초음파(ultsound),7,20,0,2.86,29.7,0,⚠ 조회수 -74% / ▲ 평균참여시간 +257.8%
2026. 7. 20,2026. 7. 26,아카데미-법정의무교육(mst),10,21,0,2.1,4.3,9.09,⚠ 이탈률 +81.8%
2026. 7. 20,2026. 7. 26,아카데미-에스테틱(plasur),7,24,0,3.43,15.4,0,▲ 평균참여시간 +352.9%
2026. 7. 20,2026. 7. 26,아카데미-심부전(kshf),3,10,0,3.33,2.8,0,⚠ 평균참여시간 -81.6% / ▲ 조회수 +66.7%
2026. 7. 20,2026. 7. 26,아카데미-임상고혈압(clinicHp),5,8,0,1.6,2.5,0,⚠ 평균참여시간 -79.7% / ▲ 활성사용자 +25%
2026. 7. 20,2026. 7. 26,드럭인포 메인,582,2939,0.25,5.05,2.3,22.26,⚠ 이탈률 +9.2% / ▲ 조회수 +14.3%
2026. 7. 20,2026. 7. 26,브랜드존 메인,1454,7652,0.65,5.26,2.8,10.4,▲ 이탈률 -6.4%
2026. 7. 20,2026. 7. 26,브랜드존 상세(퀴즈 포함),4966,27948,2.39,5.63,23.2,9.49,⚠ 평균참여시간 -11.5% / ▲ 이탈률 -15.9%
2026. 7. 20,2026. 7. 26,알림,1880,13232,1.13,7.04,4.9,8.39,⚠ 평균참여시간 -47.3% / ▲ 조회수 +11.4%
2026. 7. 20,2026. 7. 26,마이페이지홈,1380,4420,0.38,3.2,6.7,7.85,⚠ 평균참여시간 -28% / ▲ 활성사용자 +83%
2026. 7. 20,2026. 7. 26,포인트 이용내역,4378,49677,4.25,11.35,17.4,9.12,▲ 조회수 +121.7%
2026. 7. 20,2026. 7. 26,포인트 적립안내,691,2344,0.2,3.39,3.9,5.57,▲ 활성사용자 +111.3%
2026. 7. 20,2026. 7. 26,1:1문의,175,486,0.04,2.78,36.9,3.54,⚠ 이탈률 +55.9% / ▲ 조회수 +282.7%
2026. 7. 20,2026. 7. 26,공지사항,279,537,0.05,1.92,9.9,7.45,▲ 조회수 +215.9%
2026. 7. 20,2026. 7. 26,출석,5432,57404,4.91,10.57,6.5,8.69,⚠ 평균참여시간 -61.5% / ▲ 조회수 +10.7%
2026. 7. 20,2026. 7. 26,학회일정,37,54,0,1.46,34,11.11,▲ 평균참여시간 +131.3%
2026. 7. 20,2026. 7. 26,해외학회스케치 메인,42,210,0.02,5,38.9,13.19,⚠ 이탈률 +50.4% / ▲ 평균참여시간 +89.8%
2026. 7. 20,2026. 7. 26,해외학회스케치 상세,90,226,0.02,2.51,28.6,14.29,▲ 평균참여시간 +88.2%
2026. 7. 20,2026. 7. 26,심사청구 메인,9,10,0,1.11,6,18.18,⚠ 이탈률 +81.8%
2026. 7. 20,2026. 7. 26,심사청구 상세,2,5,0,2.5,12.4,0,⚠ 조회수 -75% / ▲ 이탈률 -100%
2026. 7. 20,2026. 7. 26,이벤트 메인,1129,4112,0.35,3.64,2.8,4.68,⚠ 이탈률 +14.4% / ▲ 평균참여시간 +33.3%
2026. 7. 20,2026. 7. 26,설문 메인,388,1336,0.11,3.44,48.7,5.83,⚠ 이탈률 +19.2% / ▲ 평균참여시간 +558.1%
2026. 7. 20,2026. 7. 26,CME매거진,9,29,0,3.22,4.4,20,⚠ 이탈률 +140.1% / ▲ 조회수 +45%
2026. 7. 20,2026. 7. 26,포인트샵 메인,2049,4806,0.41,2.35,8.4,9.93,⚠ 평균참여시간 -31.7% / ▲ 조회수 +9.6%
2026. 7. 20,2026. 7. 26,업투데이트,27,76,0.01,2.81,10.4,5.06,▲ 평균참여시간 +67.7%
2026. 6. 1,2026. 6. 7,메인,6231,140076,17.29,22.48,7.1,14.99,⚠ 조회수 -29.1%
2026. 6. 1,2026. 6. 7,라이브세미나 편성표,4902,180336,22.25,36.79,13.9,15.31,⚠ 조회수 -29.4%
2026. 6. 1,2026. 6. 7,라이브세미나 상세,4892,244889,30.22,50.06,5.3,13.99,⚠ 조회수 -34.7% / ▲ 평균참여시간 +17.8%
2026. 6. 1,2026. 6. 7,VOD 다시보기 메인,1762,15938,1.97,9.05,2.9,24.71,⚠ 조회수 -33.8%
2026. 6. 1,2026. 6. 7,VOD 다시보기 상세,1736,24004,2.96,13.83,5.8,26,⚠ 조회수 -34.2% / ▲ 평균참여시간 +9.4%
2026. 6. 1,2026. 6. 7,아카데미 메인,122,194,0.02,1.59,8,4.76,⚠ 이탈률 +39.6% / ▲ 평균참여시간 +31.1%
2026. 6. 1,2026. 6. 7,아카데미-개원(opening),4,20,0,5,4.9,0,⚠ 평균참여시간 -62.6% / ▲ 이탈률 -100%
2026. 6. 1,2026. 6. 7,아카데미-초음파(ultsound),9,62,0.01,6.89,25.7,23.53,⚠ 평균참여시간 -13.5% / ▲ 조회수 +210%
2026. 6. 1,2026. 6. 7,아카데미-법정의무교육(mst),6,21,0,3.5,40.7,0,⚠ 활성사용자 -40% / ▲ 평균참여시간 +846.5%
2026. 6. 1,2026. 6. 7,아카데미-에스테틱(plasur),6,34,0,5.67,5.7,11.11,⚠ 평균참여시간 -63% / ▲ 조회수 +41.7%
2026. 6. 1,2026. 6. 7,아카데미-심부전(kshf),1,5,0,5,2.4,50,⚠ 활성사용자 -66.7%
2026. 6. 1,2026. 6. 7,아카데미-임상고혈압(clinicHp),1,5,0,5,2.4,0,⚠ 활성사용자 -80%
2026. 6. 1,2026. 6. 7,드럭인포 메인,607,2481,0.31,4.09,2.3,22.16,⚠ 조회수 -15.6%
2026. 6. 1,2026. 6. 7,브랜드존 메인,1238,6443,0.8,5.2,2.1,13.15,⚠ 이탈률 +26.4%
2026. 6. 1,2026. 6. 7,브랜드존 상세(퀴즈 포함),4562,22728,2.8,4.98,20.2,11.62,⚠ 이탈률 +22.4%
2026. 6. 1,2026. 6. 7,알림,1549,9621,1.19,6.21,4.8,10.41,⚠ 조회수 -27.3%
2026. 6. 1,2026. 6. 7,마이페이지홈,764,2293,0.28,3,9.5,11.8,⚠ 이탈률 +50.3% / ▲ 평균참여시간 +41.8%
2026. 6. 1,2026. 6. 7,포인트 이용내역,3117,20039,2.47,6.43,8.4,10.66,⚠ 조회수 -59.7%
2026. 6. 1,2026. 6. 7,포인트 적립안내,308,1681,0.21,5.46,4.4,7.87,⚠ 활성사용자 -55.4% / ▲ 평균참여시간 +12.8%
2026. 6. 1,2026. 6. 7,1:1문의,88,271,0.03,3.08,36.9,10.65,⚠ 이탈률 +200.8%
2026. 6. 1,2026. 6. 7,공지사항,62,89,0.01,1.44,5.5,8.96,⚠ 조회수 -83.4%
2026. 6. 1,2026. 6. 7,출석,5082,48287,5.96,9.5,5.8,10.07,⚠ 조회수 -15.9%
2026. 6. 1,2026. 6. 7,학회일정,32,41,0.01,1.28,15.6,10.87,⚠ 평균참여시간 -54.1%
2026. 6. 1,2026. 6. 7,해외학회스케치 메인,47,164,0.02,3.49,11.5,10.39,⚠ 평균참여시간 -70.4% / ▲ 이탈률 -21.2%
2026. 6. 1,2026. 6. 7,해외학회스케치 상세,59,156,0.02,2.64,13,7.5,⚠ 평균참여시간 -54.5% / ▲ 이탈률 -47.5%
2026. 6. 1,2026. 6. 7,심사청구 메인,12,27,0,2.25,7.5,10.34,▲ 조회수 +170%
2026. 6. 1,2026. 6. 7,심사청구 상세,1,2,0,2,18,0,⚠ 조회수 -60% / ▲ 평균참여시간 +45.2%
2026. 6. 1,2026. 6. 7,이벤트 메인,1017,3386,0.42,3.33,2.6,3.88,⚠ 조회수 -17.7% / ▲ 이탈률 -17.1%
2026. 6. 1,2026. 6. 7,설문 메인,402,1256,0.15,3.12,9.7,4.98,⚠ 평균참여시간 -80.1% / ▲ 이탈률 -14.6%
2026. 6. 1,2026. 6. 7,CME매거진,7,26,0,3.71,4.5,11.11,⚠ 활성사용자 -22.2% / ▲ 이탈률 -44.5%
2026. 6. 1,2026. 6. 7,포인트샵 메인,1605,3605,0.44,2.25,8.5,14,⚠ 이탈률 +41%
2026. 6. 1,2026. 6. 7,업투데이트,25,74,0.01,2.96,2.4,6.49,⚠ 평균참여시간 -76.9%
2026. 6. 8,2026. 6. 14,메인,6312,163131,16.32,25.84,8,12.95,▲ 조회수 +16.5%
2026. 6. 8,2026. 6. 14,라이브세미나 편성표,4986,213813,21.39,42.88,14.1,13.35,▲ 조회수 +18.6%
2026. 6. 8,2026. 6. 14,라이브세미나 상세,5021,349835,35,69.67,5,12.34,⚠ 평균참여시간 -5.7% / ▲ 조회수 +42.9%
2026. 6. 8,2026. 6. 14,VOD 다시보기 메인,2277,20700,2.07,9.09,3.3,24.71,▲ 조회수 +29.9%
2026. 6. 8,2026. 6. 14,VOD 다시보기 상세,2213,33756,3.38,15.25,4.4,25.99,⚠ 평균참여시간 -24.1% / ▲ 조회수 +40.6%
2026. 6. 8,2026. 6. 14,아카데미 메인,126,182,0.02,1.44,4.4,5.99,⚠ 평균참여시간 -45%
2026. 6. 8,2026. 6. 14,아카데미-개원(opening),2,4,0,2,15.5,33.33,⚠ 조회수 -80% / ▲ 평균참여시간 +216.3%
2026. 6. 8,2026. 6. 14,아카데미-초음파(ultsound),5,55,0.01,11,21.3,0,⚠ 활성사용자 -44.4% / ▲ 이탈률 -100%
2026. 6. 8,2026. 6. 14,아카데미-법정의무교육(mst),7,17,0,2.43,9,12.5,⚠ 평균참여시간 -77.9% / ▲ 활성사용자 +16.7%
2026. 6. 8,2026. 6. 14,아카데미-에스테틱(plasur),4,8,0,2,5.3,0,⚠ 조회수 -76.5% / ▲ 이탈률 -100%
2026. 6. 8,2026. 6. 14,아카데미-심부전(kshf),1,1,0,1,8,0,⚠ 조회수 -80% / ▲ 평균참여시간 +233.3%
2026. 6. 8,2026. 6. 14,아카데미-임상고혈압(clinicHp),1,3,0,3,1.7,0,⚠ 조회수 -40%
2026. 6. 8,2026. 6. 14,드럭인포 메인,587,3020,0.3,5.14,4.3,21.36,▲ 평균참여시간 +87%
2026. 6. 8,2026. 6. 14,브랜드존 메인,2674,8683,0.87,3.25,3.4,8.1,▲ 활성사용자 +116%
2026. 6. 8,2026. 6. 14,브랜드존 상세(퀴즈 포함),4580,20304,2.03,4.43,27.5,9.77,⚠ 조회수 -10.7% / ▲ 평균참여시간 +36.1%
2026. 6. 8,2026. 6. 14,알림,1690,11221,1.12,6.64,5.7,8.83,▲ 평균참여시간 +18.8%
2026. 6. 8,2026. 6. 14,마이페이지홈,806,2388,0.24,2.96,6.4,11.31,⚠ 평균참여시간 -32.6% / ▲ 활성사용자 +5.5%
2026. 6. 8,2026. 6. 14,포인트 이용내역,3228,19820,1.98,6.14,8.6,10.06,▲ 이탈률 -5.6%
2026. 6. 8,2026. 6. 14,포인트 적립안내,319,1738,0.17,5.45,4.8,7.24,▲ 평균참여시간 +9.1%
2026. 6. 8,2026. 6. 14,1:1문의,162,329,0.03,2.03,36.2,5.86,▲ 활성사용자 +84.1%
2026. 6. 8,2026. 6. 14,공지사항,61,89,0.01,1.46,16.5,16.25,⚠ 이탈률 +81.4% / ▲ 평균참여시간 +200%
2026. 6. 8,2026. 6. 14,출석,5121,53831,5.39,10.51,2.6,9.87,⚠ 평균참여시간 -55.2% / ▲ 조회수 +11.5%
2026. 6. 8,2026. 6. 14,학회일정,24,34,0,1.42,42.9,5.71,⚠ 활성사용자 -25% / ▲ 평균참여시간 +175%
2026. 6. 8,2026. 6. 14,해외학회스케치 메인,50,196,0.02,3.92,17.7,15.22,⚠ 이탈률 +46.5% / ▲ 평균참여시간 +53.9%
2026. 6. 8,2026. 6. 14,해외학회스케치 상세,75,226,0.02,3.01,24,11.21,⚠ 이탈률 +49.5% / ▲ 평균참여시간 +84.6%
2026. 6. 8,2026. 6. 14,심사청구 메인,17,53,0.01,3.12,16.3,11.9,⚠ 이탈률 +15.1% / ▲ 평균참여시간 +117.3%
2026. 6. 8,2026. 6. 14,심사청구 상세,10,60,0.01,6,57.5,17.39,▲ 조회수 +2900%
2026. 6. 8,2026. 6. 14,이벤트 메인,1001,3739,0.37,3.74,2.2,3.91,⚠ 평균참여시간 -15.4% / ▲ 조회수 +10.4%
2026. 6. 8,2026. 6. 14,설문 메인,444,1570,0.16,3.54,7.4,3.59,⚠ 평균참여시간 -23.7% / ▲ 이탈률 -27.9%
2026. 6. 8,2026. 6. 14,CME매거진,9,19,0,2.11,9.7,7.69,⚠ 조회수 -26.9% / ▲ 평균참여시간 +115.6%
2026. 6. 8,2026. 6. 14,포인트샵 메인,1509,3210,0.32,2.13,7.4,12.05,⚠ 평균참여시간 -12.9% / ▲ 이탈률 -13.9%
2026. 6. 8,2026. 6. 14,업투데이트,29,87,0.01,3,12.3,7.92,⚠ 이탈률 +22% / ▲ 평균참여시간 +412.5%
2026. 6. 15,2026. 6. 21,메인,6328,167213,18.9,26.42,7.2,16.13,⚠ 이탈률 +24.6%
2026. 6. 15,2026. 6. 21,라이브세미나 편성표,4941,174808,19.76,35.38,20.4,18.12,⚠ 이탈률 +35.7% / ▲ 평균참여시간 +44.7%
2026. 6. 15,2026. 6. 21,라이브세미나 상세,4977,258254,29.19,51.89,5.6,18.95,⚠ 이탈률 +53.6% / ▲ 평균참여시간 +12%
2026. 6. 15,2026. 6. 21,VOD 다시보기 메인,1894,18742,2.12,9.9,3,31.22,⚠ 이탈률 +26.3%
2026. 6. 15,2026. 6. 21,VOD 다시보기 상세,1847,29221,3.3,15.82,3.8,31.85,⚠ 이탈률 +22.5%
2026. 6. 15,2026. 6. 21,아카데미 메인,110,153,0.02,1.39,6.6,6.62,⚠ 조회수 -15.9% / ▲ 평균참여시간 +50%
2026. 6. 15,2026. 6. 21,아카데미-개원(opening),4,4,0,1,15.8,25,▲ 활성사용자 +100%
2026. 6. 15,2026. 6. 21,아카데미-초음파(ultsound),4,56,0.01,14,8.4,18.75,⚠ 평균참여시간 -60.6%
2026. 6. 15,2026. 6. 21,아카데미-법정의무교육(mst),11,17,0,1.55,9.8,9.09,▲ 활성사용자 +57.1%
2026. 6. 15,2026. 6. 21,아카데미-에스테틱(plasur),3,8,0,2.67,7.3,0,⚠ 활성사용자 -25% / ▲ 평균참여시간 +37.7%
2026. 6. 15,2026. 6. 21,아카데미-심부전(kshf),2,2,0,1,4,0,⚠ 평균참여시간 -50% / ▲ 조회수 +100%
2026. 6. 15,2026. 6. 21,아카데미-임상고혈압(clinicHp),2,2,0,1,3.5,0,⚠ 조회수 -33.3% / ▲ 평균참여시간 +105.9%
2026. 6. 15,2026. 6. 21,드럭인포 메인,633,2892,0.33,4.57,2.4,23.9,⚠ 평균참여시간 -44.2% / ▲ 활성사용자 +7.8%
2026. 6. 15,2026. 6. 21,브랜드존 메인,1365,7057,0.8,5.17,2.3,13.23,⚠ 이탈률 +63.3%
2026. 6. 15,2026. 6. 21,브랜드존 상세(퀴즈 포함),4697,24908,2.82,5.3,37.4,12.38,⚠ 이탈률 +26.7% / ▲ 평균참여시간 +36%
2026. 6. 15,2026. 6. 21,알림,1698,10854,1.23,6.39,6.4,12.29,⚠ 이탈률 +39.2% / ▲ 평균참여시간 +12.3%
2026. 6. 15,2026. 6. 21,마이페이지홈,944,2995,0.34,3.17,6,13.91,⚠ 이탈률 +23% / ▲ 조회수 +25.4%
2026. 6. 15,2026. 6. 21,포인트 이용내역,3731,28448,3.22,7.62,9.3,13.25,⚠ 이탈률 +31.7% / ▲ 조회수 +43.5%
2026. 6. 15,2026. 6. 21,포인트 적립안내,381,1834,0.21,4.81,4.4,8.57,⚠ 이탈률 +18.4% / ▲ 활성사용자 +19.4%
2026. 6. 15,2026. 6. 21,1:1문의,134,250,0.03,1.87,49.8,10.77,⚠ 이탈률 +83.8% / ▲ 평균참여시간 +37.6%
2026. 6. 15,2026. 6. 21,공지사항,83,117,0.01,1.41,7.6,18.27,⚠ 평균참여시간 -53.9% / ▲ 활성사용자 +36.1%
2026. 6. 15,2026. 6. 21,출석,5098,52941,5.98,10.38,5.8,10.26,▲ 평균참여시간 +123.1%
2026. 6. 15,2026. 6. 21,학회일정,43,57,0.01,1.33,33.5,1.79,⚠ 평균참여시간 -21.9% / ▲ 활성사용자 +79.2%
2026. 6. 15,2026. 6. 21,해외학회스케치 메인,31,87,0.01,2.81,18.2,14.29,⚠ 조회수 -55.6% / ▲ 이탈률 -6.1%
2026. 6. 15,2026. 6. 21,해외학회스케치 상세,59,123,0.01,2.08,11.4,13.24,⚠ 평균참여시간 -52.5%
2026. 6. 15,2026. 6. 21,심사청구 메인,10,23,0,2.3,4,22.22,⚠ 이탈률 +86.7%
2026. 6. 15,2026. 6. 21,심사청구 상세,2,10,0,5,7.8,0,⚠ 평균참여시간 -86.4% / ▲ 이탈률 -100%
2026. 6. 15,2026. 6. 21,이벤트 메인,1020,3790,0.43,3.72,2.2,5,⚠ 이탈률 +27.9%
2026. 6. 15,2026. 6. 21,설문 메인,807,2052,0.23,2.54,8.1,7.16,⚠ 이탈률 +99.4% / ▲ 활성사용자 +81.8%
2026. 6. 15,2026. 6. 21,CME매거진,5,10,0,2,9,0,⚠ 조회수 -47.4% / ▲ 이탈률 -100%
2026. 6. 15,2026. 6. 21,포인트샵 메인,1482,3373,0.38,2.28,9.2,15.07,⚠ 이탈률 +25.1% / ▲ 평균참여시간 +24.3%
2026. 6. 15,2026. 6. 21,업투데이트,28,79,0.01,2.82,5.9,7.14,⚠ 평균참여시간 -52% / ▲ 이탈률 -9.8%
2026. 6. 22,2026. 6. 28,메인,6484,199474,16.33,30.76,6.7,15.5,⚠ 평균참여시간 -6.9% / ▲ 조회수 +19.3%
2026. 6. 22,2026. 6. 28,라이브세미나 편성표,5052,251744,20.61,49.83,14.7,13.3,⚠ 평균참여시간 -27.9% / ▲ 조회수 +44%
2026. 6. 22,2026. 6. 28,라이브세미나 상세,5106,403914,33.06,79.11,5,12.8,⚠ 평균참여시간 -10.7% / ▲ 조회수 +56.4%
2026. 6. 22,2026. 6. 28,VOD 다시보기 메인,2075,25020,2.05,12.06,3,27.36,▲ 조회수 +33.5%
2026. 6. 22,2026. 6. 28,VOD 다시보기 상세,2011,38005,3.11,18.9,3.5,27.99,⚠ 평균참여시간 -7.9% / ▲ 조회수 +30.1%
2026. 6. 22,2026. 6. 28,아카데미 메인,154,266,0.02,1.73,5.8,6.7,⚠ 평균참여시간 -12.1% / ▲ 조회수 +73.9%
2026. 6. 22,2026. 6. 28,아카데미-개원(opening),9,45,0,5,12.7,7.14,⚠ 평균참여시간 -19.6% / ▲ 조회수 +1025%
2026. 6. 22,2026. 6. 28,아카데미-초음파(ultsound),10,22,0,2.2,11.1,7.14,⚠ 조회수 -60.7% / ▲ 활성사용자 +150%
2026. 6. 22,2026. 6. 28,아카데미-법정의무교육(mst),12,24,0,2,8.1,8.33,⚠ 평균참여시간 -17.3% / ▲ 조회수 +41.2%
2026. 6. 22,2026. 6. 28,아카데미-에스테틱(plasur),9,42,0,4.67,6.8,0,⚠ 평균참여시간 -6.8% / ▲ 조회수 +425%
2026. 6. 22,2026. 6. 28,아카데미-심부전(kshf),2,2,0,1,2.5,50,⚠ 평균참여시간 -37.5%
2026. 6. 22,2026. 6. 28,아카데미-임상고혈압(clinicHp),4,16,0,4,6.3,0,▲ 조회수 +700%
2026. 6. 22,2026. 6. 28,드럭인포 메인,610,2938,0.24,4.82,1.4,21.74,⚠ 평균참여시간 -41.7% / ▲ 이탈률 -9%
2026. 6. 22,2026. 6. 28,브랜드존 메인,1406,7913,0.65,5.63,2.6,10.68,▲ 이탈률 -19.3%
2026. 6. 22,2026. 6. 28,브랜드존 상세(퀴즈 포함),4745,49073,4.02,10.34,10.1,10.69,⚠ 평균참여시간 -73% / ▲ 조회수 +97%
2026. 6. 22,2026. 6. 28,알림,1833,13641,1.12,7.44,6.2,8.89,▲ 이탈률 -27.7%
2026. 6. 22,2026. 6. 28,마이페이지홈,1099,3956,0.32,3.6,6.1,8.64,▲ 이탈률 -37.9%
2026. 6. 22,2026. 6. 28,포인트 이용내역,4140,48195,3.94,11.64,15.8,10.85,▲ 평균참여시간 +69.9%
2026. 6. 22,2026. 6. 28,포인트 적립안내,506,2257,0.18,4.46,4.2,6.96,▲ 활성사용자 +32.8%
2026. 6. 22,2026. 6. 28,1:1문의,168,397,0.03,2.36,34.6,3.75,⚠ 평균참여시간 -30.5% / ▲ 이탈률 -65.2%
2026. 6. 22,2026. 6. 28,공지사항,170,275,0.02,1.62,7.6,9.73,▲ 조회수 +135%
2026. 6. 22,2026. 6. 28,출석,5220,55620,4.55,10.66,2.6,9.57,⚠ 평균참여시간 -55.2% / ▲ 이탈률 -6.7%
2026. 6. 22,2026. 6. 28,학회일정,34,48,0,1.41,29,0,⚠ 활성사용자 -20.9% / ▲ 이탈률 -100%
2026. 6. 22,2026. 6. 28,해외학회스케치 메인,44,115,0.01,2.61,20,9.09,▲ 활성사용자 +41.9%
2026. 6. 22,2026. 6. 28,해외학회스케치 상세,82,170,0.01,2.07,21.4,12.61,▲ 평균참여시간 +87.7%
2026. 6. 22,2026. 6. 28,심사청구 메인,13,19,0,1.46,10.1,12.5,⚠ 조회수 -17.4% / ▲ 평균참여시간 +152.5%
2026. 6. 22,2026. 6. 28,심사청구 상세,5,9,0,1.8,33.9,28.57,⚠ 조회수 -10% / ▲ 평균참여시간 +334.6%
2026. 6. 22,2026. 6. 28,이벤트 메인,1090,3963,0.32,3.64,2.1,3.52,▲ 이탈률 -29.6%
2026. 6. 22,2026. 6. 28,설문 메인,397,1477,0.12,3.72,6.9,4.73,⚠ 활성사용자 -50.8% / ▲ 이탈률 -33.9%
2026. 6. 22,2026. 6. 28,CME매거진,13,25,0,1.92,11,0,▲ 활성사용자 +160%
2026. 6. 22,2026. 6. 28,포인트샵 메인,1940,5093,0.42,2.63,8.7,11.46,⚠ 평균참여시간 -5.4% / ▲ 조회수 +51%
2026. 6. 22,2026. 6. 28,업투데이트,36,83,0.01,2.31,9.7,9.09,⚠ 이탈률 +27.3% / ▲ 평균참여시간 +64.4%
2026. 6. 29,2026. 7. 5,메인,6661,196471,16.04,29.5,8.3,12.61,▲ 평균참여시간 +23.9%
2026. 6. 29,2026. 7. 5,라이브세미나 편성표,5192,263795,21.54,50.81,17.5,13.9,▲ 평균참여시간 +19%
2026. 6. 29,2026. 7. 5,라이브세미나 상세,5245,437131,35.69,83.34,6.3,13.09,▲ 평균참여시간 +26%
2026. 6. 29,2026. 7. 5,VOD 다시보기 메인,2074,27946,2.28,13.47,3.3,26.7,▲ 조회수 +11.7%
2026. 6. 29,2026. 7. 5,VOD 다시보기 상세,2027,43680,3.57,21.55,3.4,26.9,▲ 조회수 +14.9%
2026. 6. 29,2026. 7. 5,아카데미 메인,116,169,0.01,1.46,8.5,4.58,⚠ 조회수 -36.5% / ▲ 평균참여시간 +46.6%
2026. 6. 29,2026. 7. 5,아카데미-개원(opening),2,2,0,1,4,33.33,⚠ 이탈률 +366.8%
2026. 6. 29,2026. 7. 5,아카데미-초음파(ultsound),7,23,0,3.29,4.3,0,⚠ 평균참여시간 -61.3% / ▲ 이탈률 -100%
2026. 6. 29,2026. 7. 5,아카데미-법정의무교육(mst),9,17,0,1.89,106.8,0,⚠ 조회수 -29.2% / ▲ 평균참여시간 +1218.5%
2026. 6. 29,2026. 7. 5,아카데미-에스테틱(plasur),8,18,0,2.25,125.8,30,⚠ 조회수 -57.1% / ▲ 평균참여시간 +1750%
2026. 6. 29,2026. 7. 5,아카데미-심부전(kshf),3,3,0,1,6.7,0,▲ 평균참여시간 +168%
2026. 6. 29,2026. 7. 5,아카데미-임상고혈압(clinicHp),3,7,0,2.33,1.9,0,⚠ 평균참여시간 -69.8%
2026. 6. 29,2026. 7. 5,드럭인포 메인,619,2938,0.24,4.75,3.2,22.75,▲ 평균참여시간 +128.6%
2026. 6. 29,2026. 7. 5,브랜드존 메인,2381,9111,0.74,3.83,3.1,9.45,▲ 활성사용자 +69.3%
2026. 6. 29,2026. 7. 5,브랜드존 상세(퀴즈 포함),4954,25060,2.05,5.06,21.4,11.58,⚠ 조회수 -48.9% / ▲ 평균참여시간 +111.9%
2026. 6. 29,2026. 7. 5,알림,1864,13508,1.1,7.25,7.2,9.11,▲ 평균참여시간 +16.1%
2026. 6. 29,2026. 7. 5,마이페이지홈,1179,4006,0.33,3.4,7.1,9.6,⚠ 이탈률 +11.1% / ▲ 평균참여시간 +16.4%
2026. 6. 29,2026. 7. 5,포인트 이용내역,4294,35001,2.86,8.15,10.4,10.29,⚠ 평균참여시간 -34.2% / ▲ 이탈률 -5.2%
2026. 6. 29,2026. 7. 5,포인트 적립안내,445,2079,0.17,4.67,3.7,7.07,⚠ 활성사용자 -12.1%
2026. 6. 29,2026. 7. 5,1:1문의,125,247,0.02,1.98,36.4,5.41,⚠ 이탈률 +44.3% / ▲ 평균참여시간 +5.2%
2026. 6. 29,2026. 7. 5,공지사항,67,101,0.01,1.51,10.5,25.93,⚠ 이탈률 +166.5% / ▲ 평균참여시간 +38.2%
2026. 6. 29,2026. 7. 5,출석,5377,54913,4.48,10.21,2.5,9.67,안정적
2026. 6. 29,2026. 7. 5,학회일정,45,61,0,1.36,41,1.64,▲ 평균참여시간 +41.4%
2026. 6. 29,2026. 7. 5,해외학회스케치 메인,41,133,0.01,3.24,13.3,14.93,⚠ 이탈률 +64.2% / ▲ 조회수 +15.7%
2026. 6. 29,2026. 7. 5,해외학회스케치 상세,88,253,0.02,2.88,13.3,11.67,⚠ 평균참여시간 -37.9% / ▲ 조회수 +48.8%
2026. 6. 29,2026. 7. 5,심사청구 메인,18,36,0,2,5.5,6.45,⚠ 평균참여시간 -45.5% / ▲ 조회수 +89.5%
2026. 6. 29,2026. 7. 5,심사청구 상세,6,16,0,2.67,17.4,10,⚠ 평균참여시간 -48.7% / ▲ 조회수 +77.8%
2026. 6. 29,2026. 7. 5,이벤트 메인,1184,4125,0.34,3.48,3.5,4.25,⚠ 이탈률 +20.7% / ▲ 평균참여시간 +66.7%
2026. 6. 29,2026. 7. 5,설문 메인,364,1434,0.12,3.94,6.7,8.6,⚠ 이탈률 +81.8%
2026. 6. 29,2026. 7. 5,CME매거진,7,32,0,4.57,6.4,25,⚠ 활성사용자 -46.2% / ▲ 조회수 +28%
2026. 6. 29,2026. 7. 5,포인트샵 메인,2226,5713,0.47,2.57,11.5,12.46,⚠ 이탈률 +8.7% / ▲ 평균참여시간 +32.2%
2026. 6. 29,2026. 7. 5,업투데이트,36,76,0.01,2.11,11.2,5.81,⚠ 조회수 -8.4% / ▲ 이탈률 -36.1%